customer_id,city_id,signup_date,age_group,customer_segment
1,3,2026-07-12,18-25,Frequent
2,2,2026-02-21,36-45,Budget
3,1,2025-11-19,18-25,Premium
4,4,2026-07-19,46-60,Premium
5,3,2026-04-16,26-35,Premium
6,3,2025-10-12,26-35,Occasional
7,2,2026-01-16,18-25,Occasional
8,2,2026-05-29,36-45,Occasional
9,4,2026-07-19,26-35,Frequent
10,2,2025-12-23,18-25,Frequent
11,2,2025-12-24,18-25,Premium
12,2,2025-11-08,36-45,Frequent
13,5,2026-07-16,18-25,Frequent
14,1,2026-01-27,36-45,Occasional
15,5,2026-05-15,36-45,Occasional
16,4,2026-04-22,26-35,Frequent
17,5,2025-12-15,18-25,Premium
18,4,2026-02-23,18-25,Frequent
19,2,2026-01-24,18-25,Occasional
20,1,2026-06-24,18-25,Frequent
21,4,2026-06-08,36-45,Occasional
22,3,2026-04-12,26-35,Budget
23,3,2026-03-25,18-25,Occasional
24,3,2026-04-14,18-25,Premium
25,5,2025-09-12,46-60,Occasional
26,4,2025-10-11,36-45,Occasional
27,5,2026-04-27,18-25,Budget
28,4,2026-07-27,36-45,Budget
29,2,2026-02-06,18-25,Frequent
30,2,2026-02-10,26-35,At-Risk
31,1,2025-12-09,36-45,Occasional
32,5,2026-03-25,46-60,Budget
33,5,2025-11-14,18-25,At-Risk
34,3,2025-10-21,46-60,Premium
35,5,2026-03-19,26-35,Premium
36,2,2026-07-12,26-35,Frequent
37,4,2026-04-25,26-35,Budget
38,4,2026-01-30,46-60,Frequent
39,2,2026-04-14,26-35,Occasional
40,2,2025-09-25,18-25,Occasional
41,2,2025-10-24,46-60,Occasional
42,3,2026-03-06,18-25,Budget
43,5,2026-03-16,18-25,Frequent
44,3,2026-07-27,26-35,Frequent
45,5,2025-09-26,46-60,Premium
46,5,2025-12-18,18-25,Frequent
47,1,2025-09-21,46-60,Premium
48,3,2025-11-09,36-45,Budget
49,5,2025-09-19,18-25,Premium
50,4,2025-10-10,36-45,Premium
51,1,2026-03-28,18-25,Occasional
52,4,2025-09-10,36-45,Occasional
53,4,2026-04-08,18-25,Budget
54,4,2026-08-07,46-60,Occasional
55,3,2026-04-12,26-35,At-Risk
56,4,2025-10-03,26-35,Premium
57,2,2025-08-30,18-25,At-Risk
58,2,2026-07-31,26-35,Budget
59,4,2026-06-05,26-35,Budget
60,5,2026-07-08,26-35,Premium
61,5,2026-05-12,26-35,At-Risk
62,4,2026-02-22,46-60,Budget
63,5,2026-07-04,26-35,Frequent
64,5,2025-10-26,18-25,Occasional
65,5,2026-06-07,18-25,Budget
66,1,2025-11-15,46-60,Frequent
67,3,2025-11-10,46-60,Premium
68,1,2026-05-04,26-35,Occasional
69,1,2026-05-26,18-25,Budget
70,4,2026-01-01,18-25,Occasional
71,3,2026-04-11,18-25,Budget
72,2,2025-09-01,46-60,Budget
73,5,2026-04-23,18-25,Occasional
74,3,2026-05-30,36-45,Budget
75,1,2026-02-25,46-60,At-Risk
76,1,2025-09-17,46-60,Frequent
77,3,2026-01-28,26-35,Occasional
78,5,2026-07-26,46-60,Premium
79,3,2026-03-23,36-45,Occasional
80,2,2026-05-31,46-60,Frequent
81,3,2025-11-13,46-60,Budget
82,2,2025-12-08,36-45,Budget
83,1,2025-11-26,18-25,Budget
84,5,2026-06-29,18-25,Frequent
85,1,2026-02-23,18-25,At-Risk
86,2,2026-07-27,26-35,Frequent
87,5,2026-06-01,26-35,At-Risk
88,3,2026-01-31,46-60,Budget
89,4,2026-03-07,36-45,Frequent
90,3,2026-07-01,36-45,Occasional
91,4,2026-01-30,18-25,At-Risk
92,3,2026-07-24,18-25,Occasional
93,2,2025-10-16,46-60,At-Risk
94,5,2026-06-15,36-45,Budget
95,4,2025-11-08,46-60,At-Risk
96,3,2026-05-19,18-25,At-Risk
97,3,2026-03-28,36-45,Budget
98,1,2026-05-11,26-35,Occasional
99,3,2026-02-15,36-45,Occasional
100,2,2026-07-20,18-25,Occasional
101,1,2025-11-23,46-60,Occasional
102,5,2025-11-10,18-25,Occasional
103,1,2025-12-26,18-25,Budget
104,5,2025-11-18,36-45,Budget
105,2,2025-10-18,18-25,Occasional
106,1,2026-04-08,18-25,Budget
107,4,2025-11-13,36-45,Premium
108,3,2025-11-28,36-45,Budget
109,3,2025-12-07,18-25,Frequent
110,1,2026-01-30,18-25,Budget
111,2,2026-02-06,18-25,Budget
112,1,2026-02-25,36-45,At-Risk
113,4,2025-09-11,26-35,At-Risk
114,4,2025-08-30,18-25,Frequent
115,2,2025-11-03,36-45,Frequent
116,2,2026-07-10,18-25,Frequent
117,1,2025-09-29,26-35,Frequent
118,3,2025-11-14,26-35,Premium
119,2,2025-12-08,36-45,Occasional
120,3,2025-11-27,36-45,Budget
121,5,2026-06-07,46-60,Budget
122,4,2026-03-04,46-60,At-Risk
123,4,2025-09-27,18-25,Premium
124,4,2025-10-24,26-35,Occasional
125,5,2026-02-01,36-45,At-Risk
126,5,2026-07-17,36-45,At-Risk
127,4,2025-09-28,46-60,Premium
128,5,2026-06-25,36-45,Frequent
129,5,2025-09-26,36-45,Frequent
130,5,2026-01-29,18-25,Occasional
131,1,2025-12-30,36-45,Occasional
132,4,2026-04-12,46-60,Budget
133,1,2025-09-16,18-25,Occasional
134,2,2026-03-27,46-60,At-Risk
135,5,2025-11-24,36-45,Occasional
136,1,2026-08-03,18-25,Frequent
137,3,2025-09-27,18-25,Occasional
138,2,2025-09-14,18-25,At-Risk
139,2,2025-10-20,18-25,At-Risk
140,5,2026-03-25,36-45,Frequent
141,5,2026-04-24,36-45,Premium
142,1,2025-10-31,18-25,Premium
143,2,2026-05-24,18-25,Budget
144,2,2026-08-11,26-35,At-Risk
145,3,2025-09-15,46-60,Occasional
146,2,2026-03-21,36-45,Premium
147,2,2026-01-25,18-25,Occasional
148,1,2026-05-17,36-45,Occasional
149,1,2026-05-10,46-60,Premium
150,5,2025-09-24,18-25,Premium
151,5,2025-10-15,18-25,Budget
152,3,2026-06-14,26-35,At-Risk
153,4,2026-08-08,18-25,Frequent
154,3,2026-04-06,46-60,At-Risk
155,1,2025-11-15,26-35,Premium
156,5,2026-05-06,18-25,Occasional
157,3,2025-11-17,46-60,Occasional
158,4,2026-07-30,18-25,Frequent
159,5,2026-07-16,36-45,At-Risk
160,1,2026-02-07,46-60,Premium
161,2,2026-08-09,18-25,At-Risk
162,5,2025-12-28,18-25,Frequent
163,2,2026-04-20,26-35,At-Risk
164,3,2026-07-16,18-25,Premium
165,5,2026-06-28,18-25,Occasional
166,1,2025-12-29,46-60,At-Risk
167,1,2026-01-10,18-25,Premium
168,5,2026-05-02,18-25,Frequent
169,3,2026-08-05,26-35,At-Risk
170,4,2026-05-07,36-45,Budget
171,1,2025-09-22,18-25,Budget
172,4,2025-11-14,26-35,At-Risk
173,4,2026-02-11,26-35,Premium
174,4,2026-06-22,26-35,Frequent
175,3,2025-09-20,46-60,Budget
176,4,2026-04-11,18-25,Budget
177,4,2025-10-25,26-35,Frequent
178,2,2025-10-22,26-35,Frequent
179,1,2026-08-12,36-45,Premium
180,4,2025-12-23,46-60,Budget
181,2,2026-02-03,36-45,Premium
182,1,2026-03-19,18-25,Premium
183,2,2025-10-22,46-60,Budget
184,5,2025-10-21,36-45,Frequent
185,3,2026-07-21,46-60,Frequent
186,2,2026-04-08,36-45,Frequent
187,1,2026-04-07,18-25,Occasional
188,5,2025-11-27,46-60,Premium
189,5,2025-12-02,36-45,Budget
190,4,2026-07-22,46-60,Occasional
191,3,2026-07-26,36-45,Budget
192,1,2025-11-26,36-45,Premium
193,2,2026-05-28,18-25,Occasional
194,1,2025-12-08,26-35,Budget
195,4,2026-08-01,36-45,Budget
196,5,2025-09-30,26-35,Budget
197,3,2025-08-26,26-35,Premium
198,4,2025-09-13,26-35,Occasional
199,3,2026-03-05,46-60,Frequent
200,4,2025-09-21,18-25,Occasional
201,5,2026-05-11,18-25,Occasional
202,3,2026-06-26,26-35,Premium
203,2,2026-06-15,46-60,Budget
204,3,2026-06-24,26-35,Occasional
205,4,2025-12-09,46-60,Premium
206,5,2026-07-13,18-25,Occasional
207,5,2025-10-15,36-45,Budget
208,4,2026-05-12,26-35,Budget
209,5,2025-11-24,18-25,Occasional
210,5,2025-10-21,26-35,At-Risk
211,5,2025-11-13,36-45,At-Risk
212,5,2026-06-12,36-45,Occasional
213,2,2026-07-02,18-25,Occasional
214,5,2026-06-23,18-25,Premium
215,1,2026-02-09,18-25,Premium
216,3,2025-10-13,18-25,Occasional
217,5,2025-09-08,36-45,Occasional
218,5,2025-10-01,36-45,Frequent
219,2,2026-07-25,46-60,Premium
220,3,2025-11-30,18-25,Frequent
221,1,2026-03-15,46-60,Budget
222,2,2025-09-13,18-25,Frequent
223,2,2025-09-22,36-45,Frequent
224,5,2025-09-06,18-25,Budget
225,5,2025-12-20,46-60,Budget
226,4,2025-11-03,18-25,Frequent
227,4,2026-01-17,36-45,Frequent
228,4,2025-11-27,46-60,Premium
229,2,2026-06-08,46-60,Premium
230,1,2026-03-01,26-35,Budget
231,4,2025-11-06,26-35,At-Risk
232,3,2025-11-26,18-25,Occasional
233,5,2026-04-29,26-35,Frequent
234,5,2026-01-06,18-25,Budget
235,5,2026-03-14,18-25,Premium
236,2,2026-08-14,46-60,At-Risk
237,2,2026-03-05,26-35,Occasional
238,1,2026-01-15,46-60,Frequent
239,1,2025-09-06,18-25,Budget
240,2,2026-06-07,18-25,Budget
241,3,2025-10-02,26-35,Occasional
242,5,2025-11-28,36-45,Occasional
243,2,2026-01-10,26-35,Budget
244,5,2025-09-17,36-45,Premium
245,5,2026-05-03,26-35,Occasional
246,4,2026-05-27,36-45,At-Risk
247,2,2025-10-31,46-60,At-Risk
248,3,2026-05-06,26-35,Occasional
249,1,2025-09-18,26-35,Premium
250,1,2025-09-18,18-25,Frequent
251,4,2026-04-15,36-45,Budget
252,4,2026-05-03,26-35,Premium
253,4,2026-06-30,46-60,Frequent
254,3,2026-08-03,36-45,Occasional
255,3,2026-07-28,26-35,Frequent
256,2,2025-12-10,46-60,Premium
257,2,2026-08-08,46-60,Occasional
258,5,2026-05-20,18-25,Occasional
259,4,2026-01-19,46-60,Frequent
260,5,2025-10-29,36-45,Occasional
261,1,2025-09-04,46-60,Budget
262,3,2025-11-24,18-25,Frequent
263,2,2026-02-20,18-25,Occasional
264,2,2025-12-10,46-60,Budget
265,3,2026-07-26,46-60,At-Risk
266,3,2025-11-21,18-25,At-Risk
267,4,2025-11-15,36-45,Occasional
268,3,2026-05-11,46-60,Occasional
269,1,2026-02-03,26-35,Frequent
270,2,2026-03-02,36-45,Premium
271,3,2026-04-26,26-35,Occasional
272,1,2026-01-25,18-25,Budget
273,2,2026-08-08,18-25,Premium
274,1,2025-08-24,18-25,Frequent
275,2,2026-05-23,46-60,Frequent
276,3,2026-03-08,18-25,Budget
277,4,2026-03-14,46-60,Premium
278,1,2026-04-03,18-25,Frequent
279,1,2026-06-23,18-25,Premium
280,1,2025-10-14,18-25,At-Risk
281,2,2025-09-08,46-60,Frequent
282,5,2026-01-03,46-60,Frequent
283,4,2025-12-01,46-60,At-Risk
284,3,2025-10-18,46-60,Occasional
285,1,2026-03-05,46-60,At-Risk
286,5,2026-07-15,46-60,Frequent
287,2,2025-12-09,18-25,At-Risk
288,1,2026-02-15,36-45,Occasional
289,5,2025-09-28,26-35,Premium
290,5,2026-07-15,18-25,Budget
291,3,2026-01-27,36-45,Premium
292,4,2026-01-27,26-35,Premium
293,1,2026-03-26,18-25,Frequent
294,4,2025-11-23,18-25,Premium
295,2,2025-11-07,18-25,At-Risk
296,2,2026-07-15,18-25,At-Risk
297,2,2026-01-02,46-60,At-Risk
298,1,2026-04-10,36-45,Premium
299,4,2026-01-14,26-35,Budget
300,4,2025-11-25,36-45,At-Risk
301,4,2025-09-28,46-60,Frequent
302,4,2025-11-27,36-45,Budget
303,5,2025-08-29,36-45,Occasional
304,2,2026-01-11,46-60,At-Risk
305,4,2025-09-04,18-25,Premium
306,3,2026-04-14,36-45,Premium
307,1,2025-09-14,36-45,At-Risk
308,1,2026-08-14,46-60,Frequent
309,4,2026-02-16,46-60,At-Risk
310,5,2026-07-10,26-35,Budget
311,2,2025-09-24,26-35,Premium
312,4,2025-12-04,26-35,At-Risk
313,4,2026-03-26,26-35,Premium
314,2,2025-10-08,26-35,Occasional
315,4,2026-03-07,26-35,Frequent
316,4,2025-09-05,46-60,Occasional
317,3,2026-03-25,36-45,Budget
318,2,2026-03-29,46-60,Frequent
319,5,2026-07-24,46-60,Occasional
320,5,2025-11-02,18-25,Frequent
321,4,2026-01-31,18-25,Budget
322,5,2026-01-26,36-45,Frequent
323,4,2025-09-09,18-25,Occasional
324,1,2026-04-04,36-45,At-Risk
325,1,2025-09-08,46-60,Budget
326,5,2026-02-25,18-25,Premium
327,4,2025-10-21,46-60,Budget
328,5,2026-03-17,26-35,Frequent
329,2,2025-09-30,26-35,Premium
330,5,2026-02-05,26-35,Budget
331,1,2025-10-28,18-25,Budget
332,3,2025-10-28,18-25,Budget
333,1,2026-04-04,26-35,At-Risk
334,2,2026-05-28,36-45,At-Risk
335,5,2026-07-24,26-35,Budget
336,2,2025-12-09,46-60,Frequent
337,4,2026-03-29,46-60,Occasional
338,4,2025-11-19,46-60,Premium
339,1,2025-11-22,46-60,Frequent
340,4,2026-07-14,18-25,Budget
341,3,2025-11-09,46-60,At-Risk
342,1,2026-07-15,46-60,At-Risk
343,5,2025-10-26,36-45,Premium
344,4,2026-04-04,26-35,Premium
345,3,2025-11-23,18-25,At-Risk
346,3,2026-02-03,18-25,Budget
347,4,2026-03-29,26-35,Frequent
348,2,2025-11-29,46-60,Premium
349,5,2026-04-28,46-60,Budget
350,2,2025-09-26,36-45,At-Risk
351,2,2026-08-14,46-60,Budget
352,3,2025-12-28,36-45,Premium
353,1,2026-03-29,26-35,Budget
354,4,2025-09-12,46-60,Occasional
355,2,2025-12-11,46-60,At-Risk
356,5,2025-10-15,26-35,Budget
357,2,2026-05-09,18-25,Budget
358,3,2025-12-20,26-35,Occasional
359,4,2026-02-09,18-25,Occasional
360,5,2026-02-20,18-25,At-Risk
361,2,2026-02-11,36-45,Frequent
362,3,2025-12-12,46-60,At-Risk
363,2,2026-07-09,36-45,Occasional
364,2,2026-01-07,18-25,Occasional
365,2,2026-05-29,26-35,Occasional
366,4,2026-06-05,46-60,Frequent
367,1,2025-09-08,46-60,Frequent
368,5,2026-06-09,36-45,Budget
369,5,2025-08-24,36-45,At-Risk
370,4,2025-12-20,18-25,Occasional
371,4,2025-11-21,36-45,Frequent
372,1,2026-06-03,26-35,At-Risk
373,2,2025-11-28,46-60,Premium
374,2,2026-03-03,26-35,At-Risk
375,4,2026-03-28,46-60,Premium
376,2,2026-05-07,18-25,Occasional
377,5,2026-02-21,26-35,Budget
378,5,2025-11-06,46-60,Premium
379,3,2026-06-24,18-25,Budget
380,2,2026-07-20,18-25,Frequent
381,2,2026-01-21,26-35,Occasional
382,3,2025-11-20,26-35,Premium
383,5,2026-06-07,18-25,Frequent
384,1,2026-05-22,46-60,Occasional
385,1,2026-03-29,36-45,Budget
386,4,2026-07-24,36-45,Budget
387,3,2026-05-27,36-45,Budget
388,1,2026-03-24,26-35,Frequent
389,2,2025-08-25,36-45,Budget
390,4,2026-02-19,26-35,At-Risk
391,4,2026-08-10,26-35,Budget
392,4,2026-02-09,46-60,Premium
393,4,2025-09-29,18-25,Premium
394,4,2026-03-28,18-25,Premium
395,2,2026-01-22,18-25,Frequent
396,5,2025-11-15,18-25,Budget
397,5,2025-12-13,26-35,At-Risk
398,4,2026-08-01,18-25,Premium
399,4,2026-04-06,46-60,Budget
400,2,2026-05-08,36-45,At-Risk
401,2,2025-10-26,36-45,At-Risk
402,3,2025-09-26,18-25,Budget
403,2,2026-05-11,36-45,Budget
404,5,2026-04-16,36-45,At-Risk
405,4,2025-09-27,18-25,Budget
406,4,2025-10-29,36-45,Budget
407,5,2026-06-11,46-60,At-Risk
408,3,2026-04-10,18-25,Premium
409,3,2026-07-25,18-25,Frequent
410,3,2025-09-04,26-35,Budget
411,2,2025-10-10,18-25,At-Risk
412,1,2025-09-30,36-45,Budget
413,5,2025-09-15,46-60,Premium
414,3,2025-10-07,46-60,At-Risk
415,3,2026-06-10,36-45,At-Risk
416,5,2026-06-05,26-35,Frequent
417,2,2025-10-05,26-35,At-Risk
418,1,2025-10-11,36-45,At-Risk
419,1,2026-03-10,18-25,Budget
420,2,2026-02-14,36-45,Frequent
421,1,2025-10-03,46-60,Budget
422,5,2026-04-20,36-45,Occasional
423,5,2026-06-20,36-45,At-Risk
424,1,2025-08-24,26-35,At-Risk
425,2,2025-11-21,26-35,At-Risk
426,2,2026-05-04,26-35,Frequent
427,5,2026-04-04,46-60,Budget
428,5,2026-01-20,18-25,Premium
429,1,2026-06-01,36-45,Budget
430,3,2025-10-18,18-25,Budget
431,5,2026-08-06,46-60,Occasional
432,5,2025-12-28,36-45,Occasional
433,5,2025-10-31,36-45,Occasional
434,2,2026-02-03,26-35,Occasional
435,2,2026-02-20,36-45,Occasional
436,5,2026-04-13,46-60,Budget
437,3,2025-10-10,26-35,At-Risk
438,3,2026-07-13,46-60,At-Risk
439,2,2026-02-24,46-60,Premium
440,1,2025-11-12,36-45,Premium
441,3,2025-10-02,46-60,Budget
442,4,2026-04-06,26-35,Occasional
443,5,2025-10-04,18-25,Frequent
444,1,2026-01-24,46-60,Occasional
445,2,2026-01-23,18-25,Frequent
446,2,2025-10-20,26-35,At-Risk
447,4,2026-01-07,26-35,Occasional
448,5,2026-05-23,46-60,At-Risk
449,1,2025-09-22,36-45,Occasional
450,3,2026-02-07,46-60,Budget
451,3,2026-05-17,26-35,Frequent
452,1,2026-03-14,18-25,Budget
453,5,2025-12-31,26-35,Occasional
454,5,2026-07-17,36-45,Premium
455,5,2026-01-14,18-25,Occasional
456,2,2026-04-05,18-25,At-Risk
457,5,2026-02-28,26-35,Premium
458,4,2026-01-05,18-25,At-Risk
459,2,2025-09-24,18-25,At-Risk
460,1,2026-04-29,26-35,Frequent
461,5,2025-12-14,18-25,Occasional
462,1,2025-11-17,46-60,At-Risk
463,1,2026-04-10,46-60,Premium
464,5,2026-04-20,26-35,At-Risk
465,3,2025-09-21,18-25,Occasional
466,2,2026-01-20,26-35,Frequent
467,4,2025-11-26,46-60,Frequent
468,5,2025-09-12,36-45,Premium
469,2,2026-06-17,46-60,Frequent
470,3,2025-09-14,46-60,Premium
471,5,2026-04-20,26-35,Occasional
472,1,2025-09-25,18-25,At-Risk
473,5,2025-10-16,36-45,Budget
474,1,2025-09-06,26-35,Occasional
475,3,2025-08-28,46-60,Frequent
476,2,2025-09-14,36-45,Premium
477,1,2026-07-09,36-45,At-Risk
478,1,2026-05-16,26-35,At-Risk
479,4,2026-03-18,18-25,Premium
480,5,2026-07-02,18-25,Frequent
481,1,2026-02-26,26-35,Budget
482,3,2026-01-22,36-45,At-Risk
483,2,2025-12-01,46-60,Budget
484,2,2026-05-03,36-45,Frequent
485,2,2025-11-08,18-25,Premium
486,2,2025-11-04,26-35,At-Risk
487,3,2026-07-19,46-60,At-Risk
488,5,2026-07-24,18-25,Frequent
489,3,2025-12-01,36-45,At-Risk
490,4,2026-02-06,18-25,Budget
491,5,2026-03-28,26-35,At-Risk
492,5,2026-08-07,36-45,At-Risk
493,5,2026-02-11,26-35,Frequent
494,5,2025-11-13,26-35,Premium
495,5,2026-03-03,18-25,Budget
496,5,2025-11-28,26-35,At-Risk
497,2,2026-07-28,18-25,Frequent
498,3,2026-04-27,26-35,Budget
499,1,2026-01-29,26-35,Occasional
500,1,2026-06-01,18-25,Premium
501,2,2025-11-16,36-45,Frequent
502,1,2026-06-17,18-25,Budget
503,1,2026-06-28,36-45,Frequent
504,1,2026-02-27,36-45,Occasional
505,3,2026-02-23,46-60,Frequent
506,2,2025-11-16,18-25,Occasional
507,1,2025-08-31,46-60,At-Risk
508,1,2026-03-10,26-35,Budget
509,1,2026-03-13,18-25,Frequent
510,3,2026-02-06,26-35,Premium
511,1,2025-09-10,26-35,Occasional
512,1,2026-01-12,36-45,Premium
513,1,2026-06-10,18-25,Occasional
514,5,2026-05-01,18-25,Premium
515,5,2025-10-07,36-45,Premium
516,5,2025-12-06,26-35,At-Risk
517,1,2026-07-30,46-60,Budget
518,5,2025-10-21,26-35,Premium
519,1,2026-02-28,18-25,Occasional
520,4,2026-02-09,36-45,Premium
521,4,2025-12-12,18-25,Frequent
522,4,2026-03-22,46-60,At-Risk
523,2,2026-07-09,46-60,Budget
524,4,2026-01-29,36-45,Budget
525,4,2026-03-19,18-25,Frequent
526,5,2026-08-09,46-60,At-Risk
527,4,2025-12-17,18-25,Premium
528,4,2026-07-27,18-25,Premium
529,4,2026-05-10,18-25,Premium
530,4,2026-06-12,26-35,Premium
531,3,2026-07-31,18-25,Budget
532,1,2026-08-06,46-60,Premium
533,2,2026-04-16,36-45,Frequent
534,3,2026-05-23,46-60,At-Risk
535,2,2025-12-02,46-60,Frequent
536,3,2026-07-28,46-60,Premium
537,5,2025-10-22,46-60,Frequent
538,5,2026-01-03,18-25,Premium
539,3,2026-05-23,26-35,Premium
540,3,2025-12-20,26-35,At-Risk
541,2,2026-01-29,18-25,Frequent
542,1,2025-11-10,18-25,Premium
543,1,2025-10-07,26-35,Budget
544,2,2025-09-01,18-25,Premium
545,5,2025-12-04,36-45,Premium
546,1,2026-05-24,26-35,Budget
547,5,2025-11-09,26-35,Occasional
548,2,2025-11-06,46-60,Premium
549,2,2026-02-12,18-25,At-Risk
550,2,2025-12-21,26-35,Premium
551,4,2026-02-20,46-60,Occasional
552,3,2026-05-16,18-25,Premium
553,4,2025-10-19,36-45,At-Risk
554,3,2025-12-14,18-25,At-Risk
555,3,2026-03-31,26-35,Frequent
556,1,2025-11-22,36-45,Occasional
557,4,2026-03-29,46-60,Premium
558,1,2025-12-02,26-35,Premium
559,4,2025-09-16,26-35,Budget
560,2,2026-06-17,26-35,Budget
561,4,2025-12-10,18-25,Premium
562,2,2026-05-07,18-25,At-Risk
563,5,2026-07-14,18-25,Budget
564,3,2025-11-23,36-45,Frequent
565,3,2026-02-12,46-60,Frequent
566,1,2026-01-06,36-45,Premium
567,3,2026-04-17,46-60,Premium
568,1,2026-05-10,46-60,Occasional
569,4,2026-03-14,36-45,Frequent
570,5,2026-02-23,18-25,Occasional
571,1,2026-04-20,46-60,Budget
572,1,2026-03-05,18-25,At-Risk
573,5,2025-12-04,46-60,Frequent
574,4,2025-08-31,36-45,At-Risk
575,4,2025-09-04,26-35,Occasional
576,3,2025-12-22,46-60,At-Risk
577,1,2026-03-09,46-60,At-Risk
578,3,2026-03-16,26-35,Occasional
579,4,2026-05-08,36-45,At-Risk
580,2,2025-11-17,46-60,Frequent
581,1,2026-05-27,18-25,Premium
582,3,2026-08-11,46-60,Premium
583,3,2025-12-12,18-25,Occasional
584,4,2026-06-27,26-35,Premium
585,5,2025-10-15,18-25,Occasional
586,4,2026-03-17,46-60,Budget
587,1,2025-08-25,46-60,Frequent
588,2,2026-02-07,18-25,At-Risk
589,1,2026-07-26,46-60,Occasional
590,3,2026-03-10,36-45,Premium
591,5,2026-01-14,36-45,Occasional
592,5,2025-09-08,26-35,Frequent
593,4,2026-07-07,46-60,Frequent
594,1,2026-07-21,26-35,Occasional
595,3,2026-06-02,46-60,Premium
596,3,2025-10-28,18-25,Occasional
597,2,2025-12-27,46-60,At-Risk
598,4,2025-09-16,26-35,Occasional
599,2,2026-02-24,18-25,Premium
600,2,2026-03-31,26-35,Frequent
601,4,2026-05-02,46-60,Frequent
602,5,2025-11-27,46-60,Frequent
603,2,2026-07-07,26-35,Budget
604,3,2025-11-08,26-35,Budget
605,1,2025-09-12,26-35,Premium
606,2,2025-10-28,46-60,Frequent
607,3,2026-02-11,46-60,At-Risk
608,1,2025-10-24,36-45,At-Risk
609,4,2026-01-30,36-45,Frequent
610,4,2026-03-07,36-45,At-Risk
611,1,2026-04-20,46-60,Budget
612,3,2025-11-19,36-45,Occasional
613,1,2025-09-05,46-60,Budget
614,1,2026-01-21,18-25,Budget
615,2,2025-09-27,46-60,Occasional
616,1,2026-08-11,46-60,Premium
617,4,2026-01-25,36-45,Occasional
618,4,2026-02-04,46-60,Budget
619,1,2026-04-22,46-60,Occasional
620,2,2026-05-09,46-60,Occasional
621,4,2025-09-13,36-45,At-Risk
622,3,2026-01-18,26-35,Occasional
623,3,2026-03-21,36-45,Budget
624,2,2025-10-31,26-35,At-Risk
625,3,2025-11-22,36-45,Frequent
626,3,2026-04-04,18-25,Frequent
627,1,2026-05-25,18-25,Premium
628,5,2026-04-02,36-45,Budget
629,5,2026-03-29,46-60,At-Risk
630,5,2025-12-26,36-45,Budget
631,5,2026-01-25,36-45,Budget
632,1,2026-07-10,36-45,Premium
633,2,2025-11-14,36-45,At-Risk
634,3,2025-10-08,18-25,Frequent
635,2,2026-03-26,18-25,At-Risk
636,4,2026-04-08,36-45,Occasional
637,5,2026-04-05,36-45,Premium
638,4,2025-09-22,36-45,At-Risk
639,4,2025-12-28,18-25,Occasional
640,2,2026-01-01,46-60,Budget
641,4,2026-06-03,18-25,Occasional
642,4,2026-05-12,26-35,Budget
643,1,2026-07-17,36-45,At-Risk
644,3,2026-08-11,46-60,Budget
645,5,2025-11-03,36-45,At-Risk
646,2,2025-09-10,46-60,Budget
647,1,2025-11-25,46-60,Budget
648,5,2026-07-09,18-25,At-Risk
649,3,2025-10-13,36-45,Frequent
650,2,2026-06-17,46-60,Premium
651,5,2026-04-28,46-60,Premium
652,4,2026-04-07,36-45,Occasional
653,3,2026-07-30,26-35,Premium
654,1,2026-01-30,46-60,Frequent
655,1,2025-10-13,46-60,Premium
656,4,2025-11-15,26-35,Premium
657,2,2025-11-14,36-45,Frequent
658,2,2025-09-01,18-25,Frequent
659,1,2026-07-30,18-25,Occasional
660,2,2026-03-26,36-45,Budget
661,1,2026-05-29,18-25,Frequent
662,1,2026-01-03,18-25,Budget
663,2,2026-01-18,26-35,Frequent
664,2,2026-04-22,46-60,Premium
665,5,2026-08-02,26-35,Premium
666,4,2026-05-11,26-35,At-Risk
667,1,2026-03-22,36-45,Premium
668,3,2026-08-14,26-35,Frequent
669,5,2026-01-07,46-60,Premium
670,3,2026-03-27,46-60,At-Risk
671,2,2025-11-10,18-25,Occasional
672,2,2025-12-29,46-60,Budget
673,5,2026-04-25,36-45,Budget
674,3,2025-09-04,18-25,At-Risk
675,2,2025-11-11,46-60,Premium
676,5,2026-03-18,36-45,Occasional
677,4,2026-07-13,46-60,At-Risk
678,2,2025-10-11,36-45,Occasional
679,3,2026-03-06,36-45,At-Risk
680,5,2026-03-28,26-35,Frequent
681,2,2026-02-16,36-45,Budget
682,2,2025-09-06,18-25,Frequent
683,1,2026-05-03,26-35,Budget
684,2,2026-01-03,18-25,Premium
685,1,2026-01-11,46-60,At-Risk
686,5,2025-10-22,36-45,At-Risk
687,4,2025-09-01,26-35,Frequent
688,3,2025-09-16,26-35,At-Risk
689,4,2025-12-28,46-60,Occasional
690,1,2026-03-09,46-60,Budget
691,5,2026-04-06,46-60,Frequent
692,1,2026-02-26,26-35,Budget
693,5,2026-06-14,36-45,At-Risk
694,3,2026-07-06,26-35,Occasional
695,2,2026-03-11,36-45,At-Risk
696,3,2026-01-18,46-60,At-Risk
697,3,2026-08-13,46-60,Occasional
698,1,2026-03-20,46-60,Budget
699,4,2026-06-09,26-35,Budget
700,2,2026-05-01,18-25,Budget
701,4,2025-12-09,18-25,Occasional
702,5,2025-10-05,26-35,Frequent
703,2,2026-05-18,18-25,At-Risk
704,5,2026-06-05,26-35,Premium
705,2,2025-12-28,18-25,Premium
706,1,2026-05-20,36-45,Occasional
707,3,2026-06-25,36-45,Frequent
708,4,2026-06-28,18-25,Premium
709,4,2026-04-08,36-45,At-Risk
710,5,2025-11-25,36-45,Occasional
711,2,2026-05-30,26-35,Premium
712,1,2025-10-20,46-60,Budget
713,1,2025-10-03,18-25,Premium
714,1,2026-04-27,18-25,At-Risk
715,2,2025-11-13,26-35,Frequent
716,3,2025-11-27,26-35,Occasional
717,5,2026-06-11,46-60,Budget
718,3,2026-02-08,26-35,At-Risk
719,1,2026-02-04,18-25,At-Risk
720,4,2025-10-24,26-35,At-Risk
721,3,2026-02-23,26-35,At-Risk
722,1,2026-08-08,18-25,Budget
723,2,2026-07-18,18-25,Occasional
724,5,2026-08-14,18-25,Premium
725,5,2025-10-22,26-35,At-Risk
726,4,2025-11-12,18-25,At-Risk
727,5,2026-01-29,26-35,Budget
728,2,2026-07-02,18-25,Occasional
729,1,2026-02-04,46-60,Occasional
730,2,2025-10-17,18-25,Premium
731,2,2025-10-05,26-35,Budget
732,5,2026-02-06,26-35,At-Risk
733,3,2025-12-29,36-45,At-Risk
734,3,2026-07-03,18-25,At-Risk
735,3,2025-09-18,18-25,Budget
736,3,2026-04-04,36-45,Premium
737,4,2026-08-09,46-60,At-Risk
738,1,2025-11-21,36-45,Premium
739,4,2026-08-05,26-35,At-Risk
740,2,2025-09-18,26-35,Premium
741,1,2026-05-30,18-25,Premium
742,5,2025-11-04,26-35,Premium
743,5,2026-03-04,36-45,Frequent
744,2,2026-04-17,18-25,Premium
745,2,2026-02-10,26-35,At-Risk
746,5,2026-08-06,26-35,Budget
747,4,2025-11-17,26-35,Frequent
748,2,2025-11-06,46-60,Premium
749,2,2025-10-08,46-60,Budget
750,2,2026-04-22,18-25,Budget
751,1,2026-02-27,36-45,Budget
752,5,2025-11-19,26-35,Budget
753,4,2026-07-26,46-60,Frequent
754,5,2025-11-29,26-35,Frequent
755,5,2026-06-29,18-25,Budget
756,2,2026-06-02,36-45,Occasional
757,2,2025-11-14,26-35,At-Risk
758,5,2026-03-20,46-60,Premium
759,5,2026-05-09,46-60,Budget
760,4,2026-02-02,26-35,At-Risk
761,4,2026-02-26,18-25,Budget
762,4,2026-03-23,46-60,At-Risk
763,2,2026-01-10,18-25,Premium
764,2,2025-09-26,26-35,At-Risk
765,2,2026-03-25,46-60,Budget
766,2,2026-01-09,18-25,At-Risk
767,5,2026-04-23,26-35,Occasional
768,1,2026-04-25,46-60,Occasional
769,4,2026-02-19,18-25,Budget
770,1,2025-12-08,46-60,At-Risk
771,5,2025-09-30,26-35,At-Risk
772,4,2026-07-12,18-25,At-Risk
773,4,2026-04-27,26-35,Occasional
774,2,2026-07-02,26-35,Occasional
775,1,2025-09-28,46-60,At-Risk
776,2,2026-05-11,18-25,Frequent
777,1,2026-04-23,26-35,Occasional
778,3,2026-06-21,36-45,Premium
779,4,2026-05-20,26-35,Frequent
780,5,2026-07-21,36-45,Occasional
781,2,2026-05-11,46-60,Premium
782,5,2026-01-10,36-45,Budget
783,3,2026-01-21,26-35,Premium
784,5,2026-02-21,26-35,Frequent
785,3,2025-10-04,46-60,Occasional
786,5,2026-07-28,26-35,Premium
787,5,2025-09-08,36-45,Budget
788,3,2026-01-19,26-35,Premium
789,2,2026-04-20,26-35,Budget
790,3,2025-08-28,18-25,Frequent
791,4,2025-11-10,18-25,Frequent
792,2,2026-08-10,18-25,At-Risk
793,3,2026-05-07,36-45,Premium
794,1,2025-09-02,46-60,Premium
795,5,2025-09-16,26-35,At-Risk
796,2,2025-10-09,46-60,Budget
797,1,2026-02-08,18-25,Budget
798,2,2025-10-24,36-45,Frequent
799,5,2026-03-17,18-25,Occasional
800,5,2025-08-25,18-25,Budget
801,4,2025-10-17,36-45,Occasional
802,2,2025-10-13,36-45,Premium
803,5,2026-07-10,18-25,Premium
804,5,2025-12-04,26-35,Occasional
805,2,2026-02-26,36-45,Frequent
806,4,2025-11-25,18-25,Occasional
807,1,2026-04-18,18-25,Occasional
808,4,2026-08-03,36-45,At-Risk
809,1,2025-08-28,36-45,Budget
810,5,2026-02-04,36-45,Occasional
811,1,2025-12-10,18-25,Frequent
812,2,2026-05-24,26-35,At-Risk
813,1,2025-11-23,36-45,Frequent
814,3,2026-01-28,18-25,Frequent
815,4,2026-01-11,36-45,At-Risk
816,1,2026-01-18,18-25,Occasional
817,5,2025-10-23,46-60,At-Risk
818,4,2026-05-16,18-25,At-Risk
819,5,2025-12-03,46-60,Occasional
820,1,2026-03-28,18-25,Premium
821,5,2025-10-05,26-35,Occasional
822,4,2026-06-09,18-25,Budget
823,1,2026-05-11,46-60,Budget
824,1,2026-03-31,46-60,Occasional
825,4,2025-11-30,26-35,Frequent
826,3,2025-08-31,26-35,Frequent
827,4,2026-02-13,46-60,Frequent
828,3,2026-06-23,26-35,Premium
829,3,2026-03-20,36-45,Frequent
830,5,2025-11-03,26-35,At-Risk
831,2,2025-11-10,36-45,Frequent
832,5,2026-05-15,46-60,At-Risk
833,4,2026-05-05,18-25,Frequent
834,3,2026-04-01,36-45,Premium
835,2,2026-05-17,18-25,Premium
836,3,2026-03-01,46-60,Budget
837,4,2025-09-25,26-35,Premium
838,1,2025-12-09,36-45,Budget
839,2,2026-03-30,36-45,Frequent
840,4,2026-02-21,26-35,Frequent
841,1,2025-10-19,46-60,Frequent
842,5,2025-11-12,46-60,Occasional
843,2,2025-11-26,36-45,Premium
844,5,2026-02-17,26-35,Frequent
845,2,2026-05-10,26-35,At-Risk
846,4,2026-02-25,46-60,Occasional
847,5,2026-04-29,18-25,Budget
848,5,2026-05-26,36-45,Premium
849,1,2026-07-24,46-60,Budget
850,4,2025-12-10,36-45,At-Risk
851,3,2026-07-13,46-60,Frequent
852,1,2026-06-17,26-35,Frequent
853,4,2025-09-19,18-25,Premium
854,1,2025-09-18,36-45,Premium
855,5,2026-02-12,18-25,Frequent
856,5,2026-04-22,36-45,Premium
857,3,2026-07-19,26-35,Occasional
858,1,2026-01-20,18-25,Premium
859,2,2026-05-14,36-45,Budget
860,3,2026-07-24,46-60,Occasional
861,2,2025-10-19,36-45,Budget
862,1,2026-07-28,18-25,Budget
863,5,2025-09-22,46-60,At-Risk
864,4,2026-04-13,26-35,Occasional
865,5,2025-10-15,46-60,Budget
866,1,2026-02-13,26-35,Occasional
867,5,2026-02-11,18-25,At-Risk
868,2,2025-12-15,18-25,At-Risk
869,2,2025-11-04,36-45,Premium
870,2,2026-02-13,26-35,At-Risk
871,3,2026-02-13,36-45,Premium
872,1,2025-09-27,46-60,Premium
873,4,2026-02-25,26-35,Frequent
874,4,2026-05-20,36-45,Occasional
875,4,2026-01-09,36-45,Occasional
876,5,2026-05-06,18-25,Premium
877,5,2025-12-26,26-35,Occasional
878,4,2026-02-26,26-35,Occasional
879,5,2026-02-11,18-25,Occasional
880,3,2026-06-04,18-25,Budget
881,1,2026-02-04,18-25,Premium
882,4,2025-10-01,18-25,Frequent
883,1,2025-10-12,18-25,Frequent
884,1,2026-05-06,46-60,At-Risk
885,4,2026-02-23,18-25,Budget
886,4,2026-06-27,36-45,Frequent
887,5,2026-08-07,26-35,At-Risk
888,1,2026-03-20,46-60,Frequent
889,5,2026-02-18,36-45,At-Risk
890,4,2025-11-11,18-25,Budget
891,5,2025-12-18,36-45,Premium
892,5,2026-02-01,18-25,At-Risk
893,4,2026-04-09,26-35,Occasional
894,4,2026-06-21,36-45,Frequent
895,3,2026-01-21,36-45,Budget
896,4,2026-06-25,26-35,Frequent
897,1,2026-02-24,36-45,Premium
898,1,2026-03-12,26-35,Frequent
899,1,2025-12-21,18-25,Budget
900,5,2026-07-15,26-35,Premium
901,4,2026-02-14,18-25,Budget
902,4,2025-10-10,46-60,Occasional
903,1,2025-11-22,26-35,Occasional
904,4,2025-12-13,26-35,Frequent
905,1,2025-12-14,36-45,At-Risk
906,3,2025-09-07,18-25,Frequent
907,2,2026-05-05,36-45,Budget
908,3,2026-06-13,18-25,Frequent
909,2,2026-07-07,46-60,Occasional
910,3,2025-11-08,26-35,Premium
911,5,2026-06-18,36-45,At-Risk
912,3,2026-05-01,18-25,Premium
913,2,2025-11-03,26-35,Budget
914,4,2026-03-05,46-60,Budget
915,3,2026-02-25,26-35,Occasional
916,5,2026-04-06,26-35,Occasional
917,2,2025-12-24,36-45,Budget
918,4,2025-10-30,18-25,Frequent
919,2,2026-05-16,46-60,Budget
920,3,2026-02-07,18-25,At-Risk
921,4,2025-12-01,18-25,Budget
922,5,2025-12-27,46-60,At-Risk
923,4,2025-11-06,46-60,Premium
924,5,2025-09-08,36-45,Premium
925,2,2026-06-05,36-45,Frequent
926,5,2025-09-27,18-25,Budget
927,4,2026-02-26,36-45,Budget
928,1,2026-05-25,46-60,Frequent
929,5,2026-04-28,36-45,At-Risk
930,3,2026-04-17,36-45,Premium
931,5,2026-07-30,46-60,Frequent
932,3,2026-01-25,36-45,Premium
933,5,2026-04-30,26-35,Budget
934,1,2026-06-11,46-60,Premium
935,2,2026-07-26,26-35,Occasional
936,2,2026-03-26,26-35,Premium
937,5,2026-03-22,26-35,Budget
938,1,2025-10-09,26-35,Occasional
939,1,2025-09-27,36-45,Budget
940,1,2026-02-02,18-25,Premium
941,3,2026-08-07,18-25,Premium
942,4,2025-09-10,18-25,Frequent
943,4,2026-04-15,46-60,Frequent
944,2,2025-10-07,26-35,At-Risk
945,5,2025-09-07,18-25,Occasional
946,5,2025-10-27,26-35,Occasional
947,1,2026-03-14,18-25,Premium
948,1,2025-11-09,18-25,Premium
949,2,2025-10-17,36-45,Budget
950,3,2025-10-05,46-60,Budget
951,3,2026-06-07,36-45,Occasional
952,5,2026-04-24,36-45,Frequent
953,2,2025-12-10,26-35,Frequent
954,4,2025-10-24,36-45,Occasional
955,2,2026-06-29,36-45,At-Risk
956,5,2025-12-21,18-25,Frequent
957,1,2025-11-23,36-45,Occasional
958,2,2026-02-22,26-35,Premium
959,2,2026-05-20,46-60,Premium
960,3,2026-01-29,18-25,Occasional
961,2,2025-10-05,18-25,At-Risk
962,5,2026-05-28,36-45,Premium
963,1,2026-08-05,26-35,At-Risk
964,3,2026-03-12,36-45,Frequent
965,2,2025-11-28,36-45,At-Risk
966,3,2025-11-24,26-35,Budget
967,1,2025-10-01,26-35,Budget
968,2,2025-09-08,46-60,At-Risk
969,4,2025-12-06,18-25,Budget
970,4,2025-10-11,18-25,Budget
971,4,2026-01-11,26-35,At-Risk
972,1,2026-07-29,18-25,Budget
973,4,2026-01-12,46-60,Frequent
974,4,2025-12-02,18-25,Frequent
975,5,2025-11-09,46-60,Occasional
976,3,2025-12-23,36-45,At-Risk
977,3,2026-08-05,46-60,Budget
978,4,2026-07-25,26-35,At-Risk
979,2,2026-07-03,18-25,At-Risk
980,1,2026-08-10,36-45,Premium
981,3,2026-01-26,36-45,Occasional
982,3,2026-03-29,18-25,Occasional
983,1,2026-04-16,18-25,Budget
984,2,2026-05-02,46-60,Frequent
985,5,2026-07-14,18-25,Budget
986,2,2026-08-12,36-45,Premium
987,5,2026-06-14,46-60,Budget
988,1,2026-08-09,26-35,Occasional
989,3,2025-08-27,18-25,At-Risk
990,4,2025-11-11,46-60,Budget
991,3,2026-06-22,36-45,At-Risk
992,3,2026-04-15,18-25,Occasional
993,3,2025-12-15,26-35,Premium
994,4,2026-04-11,18-25,Frequent
995,2,2026-01-08,46-60,Budget
996,3,2025-12-09,36-45,At-Risk
997,2,2026-05-19,36-45,Budget
998,3,2025-08-27,18-25,At-Risk
999,3,2026-07-11,46-60,Occasional
1000,4,2025-11-01,36-45,Occasional
